{"stat.useItem.351":30,"stat.useItem.65":10,"stat.useItem.67":21,"stat.useItem.61":35,"stat.useItem.114":5,"stat.useItem.116":5,"stat.leaveGame":17,"stat.useItem.120":1,"stat.useItem.76":11,"stat.useItem.77":12,"stat.useItem.78":741,"stat.jump":2789,"stat.swimOneCm":40005,"stat.useItem.126":34,"stat.climbOneCm":4023,"stat.fallOneCm":7217,"stat.useItem.70":10,"achievement.exploreAllBiomes":{"value":0,"progress":["Ice Plains","Plains","Swampland"]},"stat.useItem.79":98,"stat.useItem.174":54,"stat.useItem.44":125,"stat.useItem.331":8,"stat.useItem.45":19,"stat.useItem.330":5,"stat.damageTaken":16022,"stat.useItem.53":13,"stat.useItem.54":60,"stat.flyOneCm":4527434,"stat.useItem.100":268,"stat.useItem.50":20,"stat.useItem.101":2,"stat.useItem.103":34,"stat.useItem.106":156,"stat.useItem.107":2,"stat.useItem.109":40,"stat.killEntity.Villager":211,"stat.damageDealt":298761,"stat.useItem.57":23,"stat.useItem.58":14,"stat.useItem.20":1188,"stat.useItem.22":2,"stat.useItem.397":82,"stat.walkOneCm":995209,"stat.useItem.156":20,"stat.useItem.159":26,"stat.playerKills":2,"stat.useItem.29":14,"stat.useItem.160":27,"stat.useItem.164":27,"stat.useItem.33":13,"stat.useItem.287":34,"stat.useItem.324":2,"stat.useItem.323":10,"stat.useItem.30":31,"achievement.mineWood":1,"stat.useItem.35":349,"stat.useItem.171":102,"stat.useItem.86":9,"stat.useItem.87":3,"stat.useItem.88":16,"stat.useItem.89":2,"stat.useItem.82":52,"stat.useItem.134":1,"stat.useItem.85":42,"stat.useItem.139":166,"achievement.openInventory":896,"stat.useItem.138":12,"stat.useItem.259":1,"stat.useItem.80":108,"stat.mobKills":211,"stat.useItem.383":155,"stat.useItem.98":274,"stat.useItem.6":13,"stat.deaths":7,"stat.useItem.12":86,"stat.drop":44,"stat.useItem.145":6,"stat.useItem.96":2,"stat.playOneMinute":704723,"stat.useItem.1":420,"stat.useItem.4":11,"stat.useItem.5":206,"stat.useItem.3":372,"stat.useItem.17":877,"stat.useItem.18":291,"stat.useItem.13":82,"stat.diveOneCm":41387}