{"stat.useItem.20":2,"stat.useItem.152":17,"stat.useItem.276":80,"stat.walkOneCm":141367,"stat.playerKills":4,"stat.leaveGame":12,"stat.useItem.164":2,"stat.useItem.33":3,"stat.useItem.287":8,"stat.useItem.123":8,"stat.jump":205,"stat.useItem.126":47,"stat.useItem.401":101,"stat.fallOneCm":269,"achievement.exploreAllBiomes":{"value":0,"progress":["Plains"]},"stat.useItem.44":1068,"stat.useItem.134":8,"achievement.openInventory":118,"stat.useItem.138":2,"stat.useItem.259":5,"stat.damageTaken":6676,"stat.mobKills":33,"stat.useItem.98":147,"stat.useItem.383":104,"stat.flyOneCm":663002,"stat.useItem.12":2,"stat.deaths":2,"stat.drop":2,"stat.useItem.145":1,"stat.playOneMinute":183863,"stat.useItem.106":236,"stat.useItem.5":6,"stat.useItem.109":75,"stat.useItem.3":131,"stat.killEntity.Villager":33,"stat.damageDealt":24759,"stat.useItem.17":872,"stat.useItem.18":220,"stat.useItem.57":5,"stat.useItem.58":1}