{"stat.useItem.351":16,"stat.useItem.66":2,"stat.useItem.67":11,"stat.useItem.113":1,"stat.useItem.356":8,"stat.useItem.114":2,"stat.leaveGame":21,"stat.useItem.78":261,"stat.jump":675,"stat.swimOneCm":16230,"stat.useItem.126":6,"stat.useItem.73":4,"stat.climbOneCm":3399,"stat.fallOneCm":73100,"stat.useItem.70":9,"stat.useItem.129":3,"stat.useItem.407":1,"stat.useItem.408":1,"achievement.exploreAllBiomes":{"value":0,"progress":["Ice Plains","Plains","Swampland"]},"stat.useItem.79":60,"stat.useItem.295":1,"stat.useItem.174":45,"stat.useItem.44":40,"stat.useItem.45":55,"stat.damageTaken":6810,"stat.useItem.53":42,"stat.useItem.54":20,"stat.flyOneCm":1758304,"stat.useItem.100":59,"stat.useItem.342":1,"stat.useItem.56":3,"stat.useItem.343":1,"stat.useItem.50":15,"stat.useItem.103":5,"stat.useItem.106":231,"stat.useItem.108":69,"stat.useItem.109":8,"stat.killEntity.Villager":9,"stat.damageDealt":2300,"stat.useItem.57":7,"stat.useItem.20":764,"stat.useItem.152":12,"stat.useItem.21":1,"stat.useItem.397":172,"stat.useItem.276":22,"stat.useItem.155":7,"stat.walkOneCm":597179,"stat.useItem.156":100,"stat.useItem.159":630,"stat.useItem.164":11,"stat.useItem.287":22,"stat.useItem.324":1,"stat.useItem.323":12,"stat.useItem.30":8,"stat.useItem.290":1,"stat.mineBlock.106":1,"stat.useItem.35":409,"stat.useItem.171":31,"stat.useItem.89":31,"stat.useItem.137":1,"stat.useItem.85":35,"stat.useItem.139":57,"achievement.openInventory":407,"stat.useItem.259":111,"stat.useItem.138":2,"stat.useItem.80":34,"stat.mobKills":9,"stat.useItem.383":9,"stat.useItem.98":30,"stat.useItem.6":12,"stat.deaths":16,"stat.drop":11,"stat.playOneMinute":414120,"stat.useItem.1":333,"stat.useItem.4":31,"stat.useItem.5":223,"stat.useItem.3":235,"stat.useItem.17":280,"stat.useItem.18":1563,"stat.useItem.13":28,"stat.diveOneCm":38709,"stat.useItem.272":4,"stat.useItem.15":3,"stat.useItem.16":4}