{"stat.useItem.6":46,"stat.useItem.17":3,"stat.fallOneCm":7422,"stat.useItem.164":27,"achievement.openInventory":46,"stat.jump":261,"achievement.exploreAllBiomes":{"value":0,"progress":["Plains","Ice Plains","Swampland"]},"stat.useItem.1":81,"stat.useItem.57":3,"stat.damageTaken":290,"stat.useItem.3":14,"stat.useItem.4":7,"stat.useItem.5":2,"stat.useItem.81":61,"stat.useItem.54":3,"stat.useItem.53":16,"stat.useItem.109":30,"stat.useItem.128":6,"stat.useItem.171":27,"stat.useItem.126":3,"stat.useItem.95":3,"stat.drop":1,"stat.useItem.24":11,"stat.flyOneCm":344609,"stat.leaveGame":3,"stat.useItem.98":4,"stat.useItem.48":1,"stat.swimOneCm":646,"stat.walkOneCm":299449,"stat.useItem.351":717,"stat.useItem.44":72,"stat.playOneMinute":100277}