{"stat.useItem.20":221,"stat.useItem.152":6,"stat.useItem.65":8,"stat.useItem.276":10,"stat.useItem.22":5,"stat.useItem.155":10,"stat.useItem.397":3,"stat.useItem.67":75,"stat.walkOneCm":799340,"stat.useItem.112":1,"stat.useItem.159":1,"stat.playerKills":10,"stat.leaveGame":18,"stat.useItem.29":1,"stat.useItem.25":1,"stat.useItem.162":13,"stat.useItem.120":1,"stat.useItem.33":8,"stat.useItem.287":6,"stat.useItem.78":2500,"stat.jump":1524,"stat.swimOneCm":15619,"stat.useItem.126":4,"stat.useItem.323":81,"stat.fallOneCm":222739,"stat.climbOneCm":4644,"stat.useItem.129":1,"achievement.exploreAllBiomes":{"value":0,"progress":["Plains","Swampland"]},"stat.useItem.35":15,"stat.useItem.171":41,"stat.useItem.173":6,"stat.useItem.42":3,"stat.useItem.86":1,"stat.useItem.174":12,"stat.useItem.133":10,"stat.useItem.44":86,"stat.useItem.330":1,"stat.useItem.89":1,"stat.useItem.41":3,"stat.useItem.85":8,"stat.useItem.139":18,"achievement.openInventory":388,"stat.useItem.138":17,"stat.useItem.80":279,"stat.craftItem.282":45,"stat.damageTaken":40070,"stat.mobKills":3,"stat.useItem.47":1,"stat.useItem.49":17,"stat.useItem.98":148,"stat.useItem.54":2,"stat.flyOneCm":2318297,"stat.deaths":38,"stat.useItem.7":1,"stat.drop":65,"stat.useItem.50":8,"stat.useItem.145":1,"stat.useItem.389":8,"stat.playOneMinute":279974,"stat.useItem.1":3,"stat.useItem.109":43,"stat.useItem.3":39,"stat.killEntity.Villager":5,"stat.damageDealt":41790,"stat.useItem.19":7,"stat.useItem.57":14,"stat.diveOneCm":50998,"stat.useItem.272":470,"stat.useItem.271":22}