{"stat.useItem.20":117,"stat.useItem.22":2,"stat.useItem.155":2,"stat.walkOneCm":216840,"stat.useItem.159":17,"stat.useItem.114":2,"stat.playerKills":1,"stat.leaveGame":11,"stat.useItem.29":1,"stat.useItem.120":2,"stat.useItem.287":22,"stat.useItem.33":1,"stat.useItem.78":1335,"stat.jump":457,"stat.swimOneCm":719,"stat.useItem.323":35,"stat.fallOneCm":71362,"stat.climbOneCm":3680,"stat.useItem.70":3,"achievement.exploreAllBiomes":{"value":0,"progress":["Ice Plains","Plains"]},"stat.useItem.35":5,"stat.useItem.171":8,"stat.useItem.173":1,"stat.useItem.86":1,"stat.useItem.174":2,"stat.useItem.133":1,"stat.useItem.44":30,"stat.useItem.41":1,"achievement.openInventory":225,"stat.useItem.138":2,"stat.useItem.80":4,"stat.damageTaken":11590,"stat.mobKills":2,"stat.useItem.46":2,"stat.useItem.49":3,"stat.useItem.98":13,"stat.flyOneCm":785404,"stat.useItem.7":1,"stat.deaths":5,"stat.drop":3,"stat.playOneMinute":181943,"stat.useItem.1":7,"stat.useItem.3":70,"stat.damageDealt":280,"stat.useItem.19":1,"stat.diveOneCm":13472,"stat.useItem.58":1,"stat.useItem.272":4}