{"stat.useItem.20":22,"stat.useItem.152":35,"stat.useItem.22":1,"stat.useItem.155":1,"stat.useItem.397":1,"stat.walkOneCm":214232,"stat.useItem.156":29,"stat.useItem.159":35,"stat.playerKills":4,"stat.leaveGame":8,"stat.useItem.25":1,"stat.useItem.120":1,"stat.useItem.287":8,"stat.useItem.33":17,"stat.jump":609,"stat.swimOneCm":11497,"stat.useItem.323":60,"stat.fallOneCm":106942,"stat.climbOneCm":4087,"stat.useItem.70":7,"stat.mineBlock.143":1,"stat.mineBlock.50":1,"achievement.exploreAllBiomes":{"value":0,"progress":["Ice Plains","Plains"]},"stat.useItem.171":31,"stat.useItem.35":79,"stat.useItem.173":1,"stat.useItem.42":1,"stat.useItem.174":9,"stat.useItem.133":1,"stat.useItem.44":221,"stat.useItem.41":1,"stat.useItem.85":1,"stat.useItem.139":25,"achievement.openInventory":168,"stat.useItem.138":1,"stat.craftItem.282":130,"stat.damageTaken":135317,"stat.useItem.53":2,"stat.useItem.98":70,"stat.flyOneCm":613695,"stat.deaths":11,"stat.useItem.143":1,"stat.drop":202,"stat.useItem.50":2,"stat.useItem.103":5,"stat.playOneMinute":89358,"stat.useItem.106":2,"stat.useItem.1":25,"stat.useItem.109":24,"stat.useItem.5":1,"stat.useItem.3":2,"stat.damageDealt":13490,"stat.useItem.17":125,"stat.useItem.19":1,"stat.useItem.57":1,"stat.diveOneCm":28714,"stat.useItem.272":186}